al-gu-ses, al-gu-ses
ca-pi-tal, ca-pi-tal
eel-mi-sel, eel-mi-sel
ees-ti-su-gu-ses, ees-ti-su-gu-ses
et-te-val-mis-ta-mi-sel, et-te-val-mis-ta-mi-sel
eu-roo-pas-see, eu-roo-pas-see
hai-ge-kas-sa, hai-ge-kas-sa
il-le-gaal-selt, il-le-gaal-selt
in-kon-ti-nent-sus, in-kon-ti-nent-sus
in-ter-nat-sio-naal-su-sel, in-ter-nat-sio-naal-su-sel
in-ves-tee-ri-mi-seks, in-ves-tee-ri-mi-seks
järg-mi-seks, järg-mi-seks
järg-mi-sel, järg-mi-sel
ka-ris-tu-seks, ka-ris-tu-seks
ka-zu-sa, ka-zu-sa
kesk-mi-selt, kesk-mi-selt
ko-ge-mus, ko-ge-mus
konk-reet-selt, konk-reet-selt
kre-ma-too-ri-u-mis, kre-ma-too-ri-u-mis
le-gaal-selt, le-gaal-selt
leo-kas-sa, leo-kas-sa
leo-kus-sa, leo-kus-sa
leo-mis-sa, leo-mis-sa
lää-ne-me-re-tao-li-ses, lää-ne-me-re-tao-li-ses
lõu-ga-sel, lõu-ga-sel
ma-ma-ma, ma-ma-ma
mo-biil-su-seks, mo-biil-su-seks
o-le-me, o-le-me
pea-mi-selt, pea-mi-selt
pea-mi-sest, pea-mi-sest
pi-kaa-ja-li-se-ma, pi-kaa-ja-li-se-ma
prae-gu-seks, prae-gu-seks
prob-lee-me, prob-lee-me
prog-ram-mis, prog-ram-mis
päi-ke-sel, päi-ke-sel
ro-he-li-sest, ro-he-li-sest
ru-ma-lu-sest, ru-ma-lu-sest
rää-gi-me, rää-gi-me
sar-na-selt, sar-na-selt
sel-li-ses, sel-li-ses
si-su-li-selt, si-su-li-selt
tit-tat-ta, tit-tat-ta
ta-va-li-selt, ta-va-li-selt
te-ge-lik-ku-ses, te-ge-lik-ku-ses
tin-gi-mus, tin-gi-mus
tol-la-ses, tol-la-ses
tont-teab-mis, tont-teab-mis
tra-dit-sio-naal-selt, tra-dit-sio-naal-selt
tu-le-mu-seks, tu-le-mu-seks
tu-lu-mak-su, tu-lu-mak-su
tä-na-me, tä-na-me
tä-nav-su, tä-nav-su
töö-ta-su, töö-ta-su
va-ja-du-sest, va-ja-du-sest
vas-ta-sel, vas-ta-sel
vas-tu-seks, vas-tu-seks
vii-ma-sel, vii-ma-sel
wel-co-me, wel-co-me
ab-so-luut-selt, ab-so-luut-selt
ab-surd-sel, ab-surd-sel
aeg-la-selt, aeg-la-selt
ai-ta-ma, ai-ta-ma
ak-tiiv-selt, ak-tiiv-selt
al-ga-tas, al-ga-tas
al-gu-ses, al-gu-ses
al-gu-sest, al-gu-sest
al-ter-na-tiiv-seks, al-ter-na-tiiv-seks
and-mi-seks, and-mi-seks
and-mi-sel, and-mi-sel
ap-sa-luut-selt, ap-sa-luut-selt
ar-ves-ta-ma, ar-ves-ta-ma
as-jaa-ja-mi-sest, as-jaa-ja-mi-sest
as-tu-me, as-tu-me
as-tu-mi-sel, as-tu-mi-sel
as-tu-mi-sest, as-tu-mi-sest
at-rak-tiiv-sust, at-rak-tiiv-sust
au-dii-tor-fir-ma, au-dii-tor-fir-ma
au-kon-sul, au-kon-sul
au-to-liik-lu-sest, au-to-liik-lu-sest
au-to-maat-selt, au-to-maat-selt
aust-ri-kas-va-tu-sel, aust-ri-kas-va-tu-sel
de-tail-selt, de-tail-selt
dis-tant-si-li-selt, dis-tant-si-li-selt
ee-li-seks, ee-li-seks
ee-lis-ta-ma, ee-lis-ta-ma
eel-du-seks, eel-du-seks
eel-du-sest, eel-du-sest
eel-mi-sel, eel-mi-sel
eel-tin-gi-mu-seks, eel-tin-gi-mu-seks
eest-la-sel, eest-la-sel
eest-la-selt, eest-la-selt
eest-la-sest, eest-la-sest
eest-ve-da-mi-sel, eest-ve-da-mi-sel
ei-tea-kes, ei-tea-kes
ei-tea-mis, ei-tea-mis
ei-tea-mis-kõik, ei-tea-mis-kõik
ei-tea-veel-mis, ei-tea-veel-mis
el-lu-vii-mi-sel, el-lu-vii-mi-sel
en-di-selt, en-di-selt
en-nus-tu-sel, en-nus-tu-sel
et-te-val-mis-ta-mi-sel, et-te-val-mis-ta-mi-sel
et-te-val-mis-tus-kur-su-sel, et-te-val-mis-tus-kur-su-sel
eu-roo-pas-see, eu-roo-pas-see
fi-nant-see-ri-mi-seks, fi-nant-see-ri-mi-seks
fil-mi-maa-il-ma, fil-mi-maa-il-ma
ge-nee-ti-li-selt, ge-nee-ti-li-selt
geog-raa-fi-li-selt, geog-raa-fi-li-selt
glo-baal-sel, glo-baal-sel
ha-ri-du-sest, ha-ri-du-sest
ha-rul-da-selt, ha-rul-da-selt
hai-ge-kas-sa, hai-ge-kas-sa
hak-ka-ma, hak-ka-ma
hak-ka-me, hak-ka-me
hal-ve-ma, hal-ve-ma
han-ki-ma, han-ki-ma
heit-me-ta-su, heit-me-ta-su
hin-da-ma, hin-da-ma
hin-da-mi-seks, hin-da-mi-seks
hin-na-ta-se-me, hin-na-ta-se-me
hin-nan-gu-li-selt, hin-nan-gu-li-selt
hir-mu-tas, hir-mu-tas
his-paan-la-sest, his-paan-la-sest
hoid-mi-seks, hoid-mi-seks
hä-vi-ta-mi-sel, hä-vi-ta-mi-sel
hä-vi-tas, hä-vi-tas
häm-mas-tas, häm-mas-tas
il-le-gaal-selt, il-le-gaal-selt
in-fo-kes-ku-sest, in-fo-kes-ku-sest
in-ves-tee-rin-gu-va-ja-du-sest, in-ves-tee-rin-gu-va-ja-du-sest
ing-lis-keel-ses, ing-lis-keel-ses
ja-hi-pi-da-mi-seks, ja-hi-pi-da-mi-seks
ja-hin-du-ses, ja-hin-du-ses
ja-lu-ta-mi-seks, ja-lu-ta-mi-seks
jaa-pan-la-sest, jaa-pan-la-sest
jalg-ra-tast, jalg-ra-tast
juh-ti-mis, juh-ti-mis
jäl-gi-ma, jäl-gi-ma
jär-gi-ma, jär-gi-ma
järg-mi-sel, järg-mi-sel
jät-ka-mi-sel, jät-ka-mi-sel
jõud-mi-seks, jõud-mi-seks
ka-du-ma, ka-du-ma
ka-hek-sa, ka-hek-sa
ka-jas-ta-mi-seks, ka-jas-ta-mi-seks
ka-su-ta-ma, ka-su-ta-ma
ka-su-ta-mi-sel, ka-su-ta-mi-sel
ka-su-ta-mi-sest, ka-su-ta-mi-sest
ka-su-tu-sel, ka-su-tu-sel
ka-su-tus-vald-kon-nad, ka-su-tus-vald-kon-nad
ka-vat-ses, ka-vat-ses
kaa-lu-ma, kaa-lu-ma
kaas-fi-nant-see-ri-mi-seks, kaas-fi-nant-see-ri-mi-seks
kaas-fi-nant-see-ri-mi-sel, kaas-fi-nant-see-ri-mi-sel
kah-jus-ta-ma, kah-jus-ta-ma
kaht-lus-ta-ma, kaht-lus-ta-ma
kal-ku-neid, kal-ku-neid
kan-di-dee-ri-ma, kan-di-dee-ri-ma
kan-di-dee-ri-mi-seks, kan-di-dee-ri-mi-seks
kan-di-dee-ri-mi-sel, kan-di-dee-ri-mi-sel
kar-tu-ses, kar-tu-ses
kas-va-mi-sest, kas-va-mi-sest
kas-va-tas, kas-va-tas
kat-su-mus, kat-su-mus
kau-ba-kes-ku-ses, kau-ba-kes-ku-ses
kau-ban-dus-ma-jan-dus-li-kes, kau-ban-dus-ma-jan-dus-li-kes
kee-le-kur-sust, kee-le-kur-sust
kee-le-li-selt, kee-le-li-selt
kee-ru-li-seks, kee-ru-li-seks
keh-tes-ta-mi-sel, keh-tes-ta-mi-sel
keh-tes-ta-mi-sest, keh-tes-ta-mi-sest
keh-ti-ma, keh-ti-ma
keld-ri-ruu-me, keld-ri-ruu-me
kes-kos-sa, kes-kos-sa
kes-ku-seks, kes-ku-seks
kes-teab-mis, kes-teab-mis
kes-teab-veel-mis, kes-teab-veel-mis
kesk-kon-na-kait-sel, kesk-kon-na-kait-sel
kesk-kon-naa-la-ses, kesk-kon-naa-la-ses
kesk-koo-lip-rog-ram-mis, kesk-koo-lip-rog-ram-mis
kesk-ku-seks, kesk-ku-seks
kesk-mi-sel, kesk-mi-sel
kesk-mi-selt, kesk-mi-selt
kesk-mi-sest, kesk-mi-sest
kii-re-ma, kii-re-ma
kiir-tee-mak-su, kiir-tee-mak-su
kim-bu-ta-ma, kim-bu-ta-ma
kin-ni-tu-sel, kin-ni-tu-sel
kind-lus-tu-ses, kind-lus-tu-ses
kir-jan-du-sest, kir-jan-du-sest
kir-ju-sus, kir-ju-sus
kir-ju-ta-mi-seks, kir-ju-ta-mi-seks
kir-ju-tas, kir-ju-tas
kit-sa-rin-na-li-selt, kit-sa-rin-na-li-selt
ko-da-kond-su-sest, ko-da-kond-su-sest
ko-da-ni-kel, ko-da-ni-kel
ko-du-mai-sel, ko-du-mai-sel
ko-du-sest, ko-du-sest
ko-dui-gat-sust, ko-dui-gat-sust
ko-ge-mu-sest, ko-ge-mu-sest
ko-ge-mus, ko-ge-mus
ko-ge-must, ko-ge-must
ko-gu-mak-su-mus, ko-gu-mak-su-mus
ko-ha-selt, ko-ha-selt
ko-hus-tas, ko-hus-tas
koht-le-ma, koht-le-ma
kom-mu-ni-ta-ris-mi-ta-se-me, kom-mu-ni-ta-ris-mi-ta-se-me
kom-pen-see-ri-ma, kom-pen-see-ri-ma
kon-ku-ree-ri-mi-seks, kon-ku-ree-ri-mi-seks
konk-reet-ses, konk-reet-ses
koo-li-ta-mi-seks, koo-li-ta-mi-seks
koo-li-tas, koo-li-tas
koo-li-tus-tel-li-mu-sest, koo-li-tus-tel-li-mu-sest
koo-li-vor-mis, koo-li-vor-mis
koos-sei-su, koos-sei-su
koos-ta-mi-sel, koos-ta-mi-sel
kor-raar-mas-tu-sest, kor-raar-mas-tu-sest
kor-ral-da-ma, kor-ral-da-ma
kor-ral-da-mi-sel, kor-ral-da-mi-sel
kor-rekt-selt, kor-rekt-selt
kree-ka-keel-sest, kree-ka-keel-sest
krii-ti-li-selt, krii-ti-li-selt
ku-ju-ne-ma, ku-ju-ne-ma
kul-tuu-ri-li-selt, kul-tuu-ri-li-selt
kuld-ta-se-me, kuld-ta-se-me
kum-ma-li-sel, kum-ma-li-sel
kur-su-sel, kur-su-sel
kut-se-ha-ri-du-ses, kut-se-ha-ri-du-ses
kut-su-ma, kut-su-ma
kuu-ta-su, kuu-ta-su
käi-tu-ma, käi-tu-ma
käi-tu-mi-selt, käi-tu-mi-selt
käi-vi-ta-mi-seks, käi-vi-ta-mi-seks
kõn-di-ma, kõn-di-ma
kü-si-must, kü-si-must
la-hen-da-mi-seks, la-hen-da-mi-seks
la-hen-da-mi-sel, la-hen-da-mi-sel
lae-ku-ma, lae-ku-ma
lae-nu-sum-ma, lae-nu-sum-ma
lae-nu-too-teid, lae-nu-too-teid
lah-ku-ma, lah-ku-ma
lan-ge-ta-mi-sel, lan-ge-ta-mi-sel
le-gaal-selt, le-gaal-selt
le-pi-me, le-pi-me
lee-ven-da-mi-seks, lee-ven-da-mi-seks
lep-pi-ma, lep-pi-ma
liht-sus-tu-ma, liht-sus-tu-ma
lii-da-me, lii-da-me
lii-ku-mi-sest, lii-ku-mi-sest
lii-tu-mi-saas-tal, lii-tu-mi-saas-tal
lii-tu-mi-sest, lii-tu-mi-sest
liik-me-ta-su, liik-me-ta-su
lo-hu-tas, lo-hu-tas
loo-dus-kait-ses, loo-dus-kait-ses
loo-mi-seks, loo-mi-seks
lä-bi-ma, lä-bi-ma
lä-bi-mi-seks, lä-bi-mi-seks
lä-hi-ma, lä-hi-ma
läi-ki-ma, läi-ki-ma
lää-ne-mai-sest, lää-ne-mai-sest
lõ-pe-ta-ma, lõ-pe-ta-ma
ma-da-la-ma, ma-da-la-ma
ma-gist-ri-ta-se-me, ma-gist-ri-ta-se-me
ma-jan-da-mi-seks, ma-jan-da-mi-seks
ma-jan-da-mi-sel, ma-jan-da-mi-sel
ma-jan-du-sel, ma-jan-du-sel
ma-jan-du-ses, ma-jan-du-ses
ma-jan-du-sest, ma-jan-du-sest
ma-sen-du-ses, ma-sen-du-ses
mak-sa-me, mak-sa-me
mak-si-maal-seks, mak-si-maal-seks
mak-si-maal-selt, mak-si-maal-selt
mak-su-koor-mus, mak-su-koor-mus
mak-su-mu-seks, mak-su-mu-seks
mak-sus-ta-mi-sest, mak-sus-ta-mi-sest
mas-si-li-selt, mas-si-li-selt
mee-nu-tas, mee-nu-tas
men-taal-sest, men-taal-sest
mer-kan-tii-li-su-sest, mer-kan-tii-li-su-sest
mi-ma-me-mu, mi-ma-me-mu
mi-ne-ma, mi-ne-ma
mi-ne-mi-seks, mi-ne-mi-seks
mi-ne-mi-sel, mi-ne-mi-sel
mi-ni-maal-selt, mi-ni-maal-selt
mii-ni-mum-ta-sust, mii-ni-mum-ta-sust
mii-nu-seks, mii-nu-seks
mil-jo-neid, mil-jo-neid
mil-li-sel, mil-li-sel
mil-li-ses, mil-li-ses
mit-me-ke-si-su-ses, mit-me-ke-si-su-ses
mit-me-ke-si-sus, mit-me-ke-si-sus
mit-me-ke-si-sust, mit-me-ke-si-sust
mo-biil-sus, mo-biil-sus
mo-biil-sust, mo-biil-sust
moe-töös-tu-ses, moe-töös-tu-ses
moo-dus-ta-mi-sel, moo-dus-ta-mi-sel
mu-ret-se-ma, mu-ret-se-ma
mus-ta-mi-seks, mus-ta-mi-seks
muu-da-me, muu-da-me
muu-tu-ma, muu-tu-ma
muu-tu-me, muu-tu-me
muu-tu-mi-sel, muu-tu-mi-sel
muu-tu-mi-sest, muu-tu-mi-sest
muut-mi-seks, muut-mi-seks
män-gi-ma, män-gi-ma
mär-ka-me, mär-ka-me
mõis-te-ta-vu-seks, mõis-te-ta-vu-seks
mõt-le-ma, mõt-le-ma
nae-ra-ta-ma, nae-ra-ta-ma
nae-ra-tas, nae-ra-tas
nau-ti-mi-seks, nau-ti-mi-seks
need-ja-need, need-ja-need
ni-me-tas, ni-me-tas
nii-sa-ma, nii-sa-ma
nä-ge-ma, nä-ge-ma
nä-ge-mus, nä-ge-mus
näi-li-selt, näi-li-selt
näi-ta-ma, näi-ta-ma
nõud-mi-sel, nõud-mi-sel
nõus-ta-mi-sel, nõus-ta-mi-sel
ob-jek-tiiv-selt, ob-jek-tiiv-selt
on-maa-il-ma, on-maa-il-ma
oo-ta-ma, oo-ta-ma
oo-tu-ses, oo-tu-ses
os-ka-ma, os-ka-ma
ot-se-selt, ot-se-selt
ot-se-ses, ot-se-ses
ot-si-ma, ot-si-ma
ot-si-mi-sel, ot-si-mi-sel
ot-si-mi-sest, ot-si-mi-sest
ot-sus-tas, ot-sus-tas
pa-be-ri-ja-ma, pa-be-ri-ja-ma
pa-be-ri-ma-jan-du-sest, pa-be-ri-ma-jan-du-sest
pa-ne-ma, pa-ne-ma
pa-ne-mi-ses, pa-ne-mi-ses
pa-ra-ne-ma, pa-ra-ne-ma
pa-ran-da-ma, pa-ran-da-ma
pa-ran-da-mi-seks, pa-ran-da-mi-seks
pa-re-me-ra-kon-nad, pa-re-me-ra-kon-nad
pa-re-mu-selt, pa-re-mu-selt
pa-rem-pool-seks, pa-rem-pool-seks
pa-ren-da-mi-seks, pa-ren-da-mi-seks
pai-gu-ta-si-me, pai-gu-ta-si-me
pai-gu-tas, pai-gu-tas
pak-ku-ma, pak-ku-ma
pak-ku-mi-sest, pak-ku-mi-sest
pak-ku-si-me, pak-ku-si-me
pal-ka-mi-sel, pal-ka-mi-sel
pan-gan-du-ses, pan-gan-du-ses
pe-re-kon-na-liik-me, pe-re-kon-na-liik-me
pe-rei-sa, pe-rei-sa
pea-mi-seks, pea-mi-seks
pea-mi-selt, pea-mi-selt
pen-sio-ni-kind-lus-tu-ses, pen-sio-ni-kind-lus-tu-ses
pi-da-ma, pi-da-ma
pi-da-mi-seks, pi-da-mi-seks
pi-dur-da-ma, pi-dur-da-ma
pi-dur-da-mi-seks, pi-dur-da-mi-seks
pi-kaa-ja-li-se-ma, pi-kaa-ja-li-se-ma
pi-ke-ma, pi-ke-ma
pi-ken-da-ma, pi-ken-da-ma
pi-ken-da-mi-sel, pi-ken-da-mi-sel
pi-le-teid, pi-le-teid
pi-raat-lu-ses, pi-raat-lu-ses
pil-dis-ta-ma, pil-dis-ta-ma
pin-gu-ta-ma, pin-gu-ta-ma
pla-nee-ri-mi-sest, pla-nee-ri-mi-sest
plaa-ni-ma-jan-du-selt, plaa-ni-ma-jan-du-selt
po-lii-ti-li-seks, po-lii-ti-li-seks
po-lii-ti-li-ses, po-lii-ti-li-ses
po-lii-ti-li-sest, po-lii-ti-li-sest
po-si-tiiv-selt, po-si-tiiv-selt
poo-le-tei-seks, poo-le-tei-seks
prae-gu-sel, prae-gu-sel
prae-gu-ses, prae-gu-ses
prak-ti-li-seks, prak-ti-li-seks
pri-vaat-sust, pri-vaat-sust
pro-port-sio-naal-selt, pro-port-sio-naal-selt
pro-tes-ti-ma, pro-tes-ti-ma
prob-lee-me, prob-lee-me
prog-ram-mil, prog-ram-mil
prog-ram-mis, prog-ram-mis
pruu-ki-mi-sest, pruu-ki-mi-sest
pu-has-ta-me, pu-has-ta-me
pu-na-selt, pu-na-selt
puh-ta-ma, puh-ta-ma
puu-du-mi-sest, puu-du-mi-sest
pä-ri-selt, pä-ri-selt
päe-va-tee-ma, päe-va-tee-ma
pää-se-mi-seks, pää-se-mi-seks
pöö-ra-ma, pöö-ra-ma
ra-ce-mo-sus, ra-ce-mo-sus
ra-has-ta-mi-seks, ra-has-ta-mi-seks
ra-hu-meel-selt, ra-hu-meel-selt
ra-ken-da-mi-seks, ra-ken-da-mi-seks
ra-ken-da-mi-sel, ra-ken-da-mi-sel
ra-ken-da-mi-sest, ra-ken-da-mi-sest
ra-ken-dus-li-kes, ra-ken-dus-li-kes
ra-vi-kind-lus-tu-sa-su-tu-ses, ra-vi-kind-lus-tu-sa-su-tu-ses
ra-vi-kind-lus-tu-seks, ra-vi-kind-lus-tu-seks
ra-vi-meid, ra-vi-meid
raa-dio-rek-laa-mis, raa-dio-rek-laa-mis
rah-va-loen-du-sest, rah-va-loen-du-sest
rah-vu-sest, rah-vu-sest
rah-vus-li-kes, rah-vus-li-kes
rah-vus-va-he-li-ses, rah-vus-va-he-li-ses
rah-vus-va-he-li-sest, rah-vus-va-he-li-sest
rais-ka-ma, rais-ka-ma
rat-sio-naal-seks, rat-sio-naal-seks
rat-sio-naal-selt, rat-sio-naal-selt
re-gist-ree-ri-ma, re-gist-ree-ri-ma
re-gist-ree-ri-mi-sest, re-gist-ree-ri-mi-sest
re-kor-di-li-selt, re-kor-di-li-selt
rea-li-see-ri-mi-sel, rea-li-see-ri-mi-sel
rei-si-fir-ma, rei-si-fir-ma
ren-di-hin-nad, ren-di-hin-nad
ring-lu-ses, ring-lu-ses
ro-he-li-sel, ro-he-li-sel
rää-ki-ma, rää-ki-ma
rõõm-sa-ma, rõõm-sa-ma
saa-da-me, saa-da-me
saa-mi-seks, saa-mi-seks
saa-mi-sel, saa-mi-sel
saa-vu-ta-mi-seks, saa-vu-ta-mi-seks
saks-la-sest, saks-la-sest
sar-na-selt, sar-na-selt
sar-na-ses, sar-na-ses
sar-na-su-sest, sar-na-su-sest
se-ni-sest, se-ni-sest
sea-du-sand-lu-ses, sea-du-sand-lu-ses
sea-dus-loo-me, sea-dus-loo-me
see-ja-see, see-ja-see
see-ja-too, see-ja-too
see-see-see, see-see-see
see-see-see-see, see-see-see-see
seis-mi-sel, seis-mi-sel
sel-gi-tas, sel-gi-tas
sel-gi-tu-sest, sel-gi-tu-sest
sel-ja-sel, sel-ja-sel
sel-li-sel, sel-li-sel
sel-li-sest, sel-li-sest
ser-ti-fit-see-ri-mis-meh-ha-nis-me, ser-ti-fit-see-ri-mis-meh-ha-nis-me
si-de-meid, si-de-meid
si-du-sust, si-du-sust
si-ni-silm-selt, si-ni-silm-selt
si-su-li-selt, si-su-li-selt
sis-se-saa-mi-seks, sis-se-saa-mi-seks
sis-seas-tu-mi-sek-sa-meid, sis-seas-tu-mi-sek-sa-meid
soo-dus-ta-mi-seks, soo-dus-ta-mi-seks
soo-ri-ta-ma, soo-ri-ta-ma
soo-vi-tu-ses, soo-vi-tu-ses
sood-sa-ma, sood-sa-ma
soom-la-sel, soom-la-sel
sta-biil-sus, sta-biil-sus
su-hes-ta-me, su-hes-ta-me
suh-te-li-selt, suh-te-li-selt
suh-to-sa, suh-to-sa
suht-le-ma, suht-le-ma
sun-ni-vii-si-li-selt, sun-ni-vii-si-li-selt
suu-da-me, suu-da-me
suu-de-ta, suu-de-ta
suu-re-ma, suu-re-ma
suu-re-ne-ma, suu-re-ne-ma
suu-re-ne-mi-sest, suu-re-ne-mi-sest
suu-ren-da-mi-seks, suu-ren-da-mi-seks
suu-ren-da-mi-sel, suu-ren-da-mi-sel
suu-ri-ma, suu-ri-ma
suu-ru-selt, suu-ru-selt
suu-ru-sest, suu-ru-sest
suu-sa-ta-ma, suu-sa-ta-ma
suun-du-mus, suun-du-mus
suut-lik-ku-ses, suut-lik-ku-ses
säi-li-mi-sest, säi-li-mi-sest
sää-ra-sest, sää-ra-sest
sõb-ran-nad, sõb-ran-nad
sõit-mi-seks, sõit-mi-seks
sõit-mi-sel, sõit-mi-sel
sün-ni-tu-sel, sün-ni-tu-sel
ta-ga-ruu-mis, ta-ga-ruu-mis
ta-ga-si-ke-ri-mi-sel, ta-ga-si-ke-ri-mi-sel
ta-ga-ti-sel, ta-ga-ti-sel
ta-gu-sest, ta-gu-sest
ta-kis-tu-seks, ta-kis-tu-seks
ta-lu-ni-kel, ta-lu-ni-kel
ta-se-me, ta-se-me
ta-va-li-seks, ta-va-li-seks
ta-va-li-selt, ta-va-li-selt
ta-va-li-sest, ta-va-li-sest
taan-la-sest, taan-la-sest
tan-ki-ma, tan-ki-ma
taot-le-ma, taot-le-ma
taot-le-si-me, taot-le-si-me
tar-bi-mi-sest, tar-bi-mi-sest
te-ge-le-ma, te-ge-le-ma
te-ge-le-mi-seks, te-ge-le-mi-seks
te-ge-lik-ku-ses, te-ge-lik-ku-ses
te-ge-ma, te-ge-ma
te-ge-mi-seks, te-ge-mi-seks
te-ge-mi-sel, te-ge-mi-sel
te-ge-vu-seks, te-ge-vu-seks
te-ge-vu-sest, te-ge-vu-sest
te-gut-se-ma, te-gut-se-ma
te-ha-ses, te-ha-ses
te-ki-ta-mi-sel, te-ki-ta-mi-sel
te-ki-tas, te-ki-tas
tea-vi-ta-mi-sel, tea-vi-ta-mi-sel
teab-veel-kes, teab-veel-kes
tead-lik-ku-sest, tead-lik-ku-sest
tee-ni-ma, tee-ni-ma
tee-nin-dus-jaa-ma, tee-nin-dus-jaa-ma
tee-nis-tu-sest, tee-nis-tu-sest
teid-meid-neid, teid-meid-neid
tek-ki-ma, tek-ki-ma
teos-ta-mi-seks, teos-ta-mi-seks
ti-he-dai-ma, ti-he-dai-ma
ti-tu-lee-ri-ma, ti-tu-lee-ri-ma
toe-ta-mi-seks, toe-ta-mi-seks
toe-tuss-kee-me, toe-tuss-kee-me
toi-du-kau-ban-du-ses, toi-du-kau-ban-du-ses
toi-mi-ma, toi-mi-ma
tont-teab-mis, tont-teab-mis
too-de-te, too-de-te
too-na-sest, too-na-sest
toot-mi-seks, toot-mi-seks
toot-mi-ses, toot-mi-ses
tu-dee-ri-mi-sest, tu-dee-ri-mi-sest
tu-ge-vu-seks, tu-ge-vu-seks
tu-le-ma, tu-le-ma
tu-le-mi-seks, tu-le-mi-seks
tu-le-mu-sel, tu-le-mu-sel
tu-le-mus, tu-le-mus
tu-lu-mak-su, tu-lu-mak-su
tu-me-da-ma, tu-me-da-ma
tu-ris-mi-piir-kon-nad, tu-ris-mi-piir-kon-nad
tu-ris-mil, tu-ris-mil
tub-li-du-sest, tub-li-du-sest
tun-ni-ta-su, tun-ni-ta-su
tun-nis-ta-ma, tun-nis-ta-ma
tun-nis-tas, tun-nis-tas
tur-va-li-sus, tur-va-li-sus
tur-va-li-sust, tur-va-li-sust
tut-vu-ma, tut-vu-ma
tut-vu-sest, tut-vu-sest
tä-his-tas, tä-his-tas
tä-na-seks, tä-na-seks
tä-na-sel, tä-na-sel
täht-su-sest, täht-su-sest
täis-kas-va-nu-ha-ri-du-ses, täis-kas-va-nu-ha-ri-du-ses
täit-mi-seks, täit-mi-seks
täit-mi-sel, täit-mi-sel
tää-na-me, tää-na-me
töö-ko-ha-va-he-tu-sest, töö-ko-ha-va-he-tu-sest
töö-ku-sest, töö-ku-sest
töö-loa-ta, töö-loa-ta
töö-sea-du-sand-lu-sest, töö-sea-du-sand-lu-sest
töö-ta-ma, töö-ta-ma
töö-ta-mi-seks, töö-ta-mi-seks
töö-ta-su, töö-ta-su
töö-ta-sult, töö-ta-sult
töö-te-ge-mi-seks, töö-te-ge-mi-seks
tööt-le-mi-sest, tööt-le-mi-sest
ui-ta-mi-seks, ui-ta-mi-seks
um-bu-su, um-bu-su
umb-keel-sust, umb-keel-sust
va-bas-ta-mi-sel, va-bas-ta-mi-sel
va-he-li-ses, va-he-li-ses
va-he-li-sest, va-he-li-sest
va-he-ta-mi-sel, va-he-ta-mi-sel
va-hen-du-sel, va-hen-du-sel
va-hen-dus-fir-ma, va-hen-dus-fir-ma
va-hen-dus-ta-su, va-hen-dus-ta-su
va-ja-du-sel, va-ja-du-sel
va-ja-li-kel, va-ja-li-kel
va-ju-ta-ma, va-ju-ta-ma
va-li-ku-het-kel, va-li-ku-het-kel
va-li-ma, va-li-ma
va-li-mi-sel, va-li-mi-sel
va-lit-ses, va-lit-ses
va-lit-sus, va-lit-sus
va-luu-ta, va-luu-ta
va-nu-sest, va-nu-sest
va-re-meid, va-re-meid
vaa-gi-ma, vaa-gi-ma
vaa-ta-ma, vaa-ta-ma
vaat-mis-kõik, vaat-mis-kõik
val-mis-ta-mi-seks, val-mis-ta-mi-seks
val-va-ma, val-va-ma
var-ja-mi-seks, var-ja-mi-seks
vas-ta-sel, vas-ta-sel
vas-tu-pi-di-ses, vas-tu-pi-di-ses
ve-ni-ma, ve-ni-ma
vest-lu-sel, vest-lu-sel
vih-ka-me, vih-ka-me
vih-ka-mi-sest, vih-ka-mi-sest
vii-ma-sel, vii-ma-sel
vii-sa-ku-sest, vii-sa-ku-sest
vor-mis-ta-mi-sel, vor-mis-ta-mi-sel
vä-gi-vald-sus, vä-gi-vald-sus
vä-he-ne-ma, vä-he-ne-ma
vä-he-sel, vä-he-sel
vä-he-sest, vä-he-sest
vä-hen-da-mi-seks, vä-hen-da-mi-seks
vä-lis-fir-ma, vä-lis-fir-ma
väi-ke-ses, väi-ke-ses
väik-se-ma, väik-se-ma
väl-ja-kut-seks, väl-ja-kut-seks
väl-ja-vaa-teid, väl-ja-vaa-teid
väl-jas-tas, väl-jas-tas
väl-ti-mi-seks, väl-ti-mi-seks
vär-ba-mi-sest, vär-ba-mi-sest
võik-si-me, võik-si-me
võit-le-ma, võit-le-ma
võit-le-mi-seks, võit-le-mi-seks
öö-ki-ma, öö-ki-ma
äär-mi-selt, äär-mi-selt
äär-mu-sest, äär-mu-sest
üht-la-selt, üht-la-selt
