token,temp/tokens_syntax_preprocessing_5f933b2.json,temp/tokens_syntax_preprocessing_a5a5c2a.json
<<,     //_Z_ //,"    """" Z  "
<<<,     //_Z_ //,"    """" Z  "
<<<<,     //_Z_ //,"    """" Z  "
<<<<<,     //_Z_ //,"    """" Z  "
<<<<<<<,     //_Z_ //,"    """" Z  "
<?,     //_Z_ //,"    """" Z  "
??,     //_Z_ //,"    """" Z  "
???,     //_Z_ //,"    """" Z  "
????,     //_Z_ //,"    """" Z  "
?????,     //_Z_ //,"    """" Z  "
??????,     //_Z_ //,"    """" Z  "
???????,     //_Z_ //,"    """" Z  "
????????,     //_Z_ //,"    """" Z  "
?????????,     //_Z_ //,"    """" Z  "
??????????,     //_Z_ //,"    """" Z  "
???????????,     //_Z_ //,"    """" Z  "
????????????,     //_Z_ //,"    """" Z  "
?????????????,     //_Z_ //,"    """" Z  "
??????????????,     //_Z_ //,"    """" Z  "
???????????????,     //_Z_ //,"    """" Z  "
????????????????,     //_Z_ //,"    """" Z  "
?????????????????,     //_Z_ //,"    """" Z  "
??????????????????,     //_Z_ //,"    """" Z  "
???????????????????,     //_Z_ //,"    """" Z  "
????????????????????,     //_Z_ //,"    """" Z  "
?????????????????????,     //_Z_ //,"    """" Z  "
??????????????????????,     //_Z_ //,"    """" Z  "
???????????????????????,     //_Z_ //,"    """" Z  "
??????????????????????????,     //_Z_ //,"    """" Z  "
???????????????????????????,     //_Z_ //,"    """" Z  "
????????????????????????????,     //_Z_ //,"    """" Z  "
??????????????????????????????,     //_Z_ //,"    """" Z  "
?????????????????????????????????,     //_Z_ //,"    """" Z  "
??????????????????????????????????????,     //_Z_ //,"    """" Z  "
????????????????????????????????????????,     //_Z_ //,"    """" Z  "
???????????????????????????????????????????,     //_Z_ //,"    """" Z  "
?????????????????????????????????????????????,     //_Z_ //,"    """" Z  "
??????????????????????????????????????????????,     //_Z_ //,"    """" Z  "
?????????????????????????????????????????????????,     //_Z_ //,"    """" Z  "
???????????????????????????????????????????????????,     //_Z_ //,"    """" Z  "
??????????????????????????????????????????????????????,     //_Z_ //,"    """" Z  "
????????????????????????????????????????????????????????,     //_Z_ //,"    """" Z  "
?????????????????????????????????????????????????????????????????,     //_Z_ //,"    """" Z  "
????????????????????????????????????????????????????????????????????,     //_Z_ //,"    """" Z  "
?????????????????????????????????????????????????????????????????????????????????????????????????????????????????????????,     //_Z_ //,"    """" Z  "
??????????????????????????????????????????????????????????????????????????????????????????????????????????????????????????,     //_Z_ //,"    """" Z  "
????????????????????????????????????????????????????????????????????????????????????????????????????????????????????????????????????????????,     //_Z_ //,"    """" Z  "
????????????????????????????????????????????????????????????????????????????????????????????????????????????????????????????????????????????????????????????????????????????????????????????????????????????????????????????????????????????????????????????????????????????????????????????????????????????????????????????????????,     //_Z_ //,"    """" Z  "
?????????????????????????????????????????????????????????????????????????????????????????????????????????????????????????????????????????????????????????????????????????????????????????????????????????????????????????????????????????????????????????????????????????????????????????????????????????????????????????????????????????????????????????????????????????????????????????????????????????????????????????????????????????????????????????????????????????????????????????????????????????????????????????????????????????????????????,     //_Z_ //,"    """" Z  "
???????????????????????????????????????????????????????????????????????????????????????????????????????????????????????????????????????????????????????????????????????????????????????????????????????????????????????????????????????????????????????????????????????????????????????????????????????????????????????????????????????????????????????????????????????????????????????????????????????????????????????????????????????????????????????????????????????????????????????????????????????????????????????????????????????????????????????????????????????????????????????????????????????????????????????????????????????????????????????????????????????????????????????????????????????????????????????????????????????????????????????????????????????????????????????????????????????????????,     //_Z_ //,"    """" Z  "
???],     //_Z_ //,"    """" Z  "
?],     //_Z_ //,"    """" Z  "
]<,     //_Z_ //,"    """" Z  "
]],     //_Z_ //,"    """" Z  "
~~~~~~~~~~~~~~~~~~~~~~~~~~~~~~~~~~~~~~~~~~~~~~~~,     //_Z_ //,"    """" Z  "
